{
  "name": "task2_unbiased",
  "shots": 20000,
  "n_layers": 20,
  "block_size": 1,
  "TV": 0.006038786898469874,
  "JS": 0.011529221890415081,
  "KL": 0.0003287023449350855,
  "mu": 9.99155,
  "sigma": 2.2450787508459475
}