{
  "name": "task3_hadamard",
  "shots": 20000,
  "n_layers": 20,
  "block_size": 1,
  "TV": 0.012139015368802209,
  "JS": 0.01980612765036276,
  "KL": 0.0009401949483742688,
  "mu": 9.999349999999998,
  "sigma": 2.249655435283368
}