{
  "name": "task3_exponential",
  "shots": 20000,
  "n_layers": 20,
  "block_size": 1,
  "TV": 0.02145267823730894,
  "JS": 0.03180878434767173,
  "KL": 0.0027184449176488605,
  "mu": 14.169999999999998,
  "sigma": 1.9982242116439286
}